{"6N88SrzyN6qJIsXxw9vAYQ==":"layer-573-1920x1000.png","dX4xXM0AW4XqjFr65YGp8w==":"logo-164x62.png","y3q4HmS3SoGSGwfS2kADzw==":"about-us-bg2-1920x968.png","b0YmcY6Sjf14GlVYu49IvQ==":"about-us-bg2-1-1920x968.png","HV6zHbny+L6GoIETxpVs8Q==":"apply-bg-1920x1100.png","/DiHKj20xxVBs6jzTGc2RQ==":"about-us-bg-1920x968.png","o1iUoR9rqC4qPOpNvr/kww==":"5-layers-online-application-1920x1100.png","oIlj2SAnW871ZL/bAAG/ig==":"5-layers-online-application-flat-1920x1100.jpg","AYq05Hf1pQjLZKlvYvejEA==":"apply-bg-how-to-apply-1920x1100.jpg","dL4T3Tvn1Vp2g3WU3qQheA==":"apply-bg-online-application-1920x1100.jpg","Kq+LCXlOuL0rw3RqpkbROw==":"about-us-bg2-2-1920x968.png","Y0uwVcKhn7qcJy2U8ts4vg==":"about-us-bg2-3-1920x968.png","Wwjwt7tEBSn1JZalcSxBzw==":"about-us-bg2-4-1920x968.png","hGdq9e550dxWx2xpctwjZw==":"about-us-bg2-5-1920x968.png","gRwhExHSxlqix1X5Zsc8qA==":"aboutus_background-1920x1193.jpg","rCcjpCHRiaYssOjq76Dq7A==":"about-us-bg2-6-1920x968.png","KTIdwmql/wIhxRdGt+plWg==":"about-us-bg2-7-1920x968.png","6DvqEJeG4VoRZxRX5R14qg==":"about-us-bg2-8-1920x968.png","x+D8SS5fvhD4XdkygGGyig==":"aboutus_background-dhad-1920x1193.png","aw8hfLT571bY5FXDC6fH5w==":"aboutus_background-dhad-1-1920x1193.png","0+F2yNAoSObcMHClkyeTEA==":"aboutus_background-dhad-2-1920x1193.png","yy3TcUrXEZd9rp/mqh7+0w==":"apply-bg-1-1920x1100.png","mHVvNL8Cm1aNP72h3pN3uQ==":"apply-bg-2-1920x1100.png","9HR1DuaX6RouBvUFTyE77A==":"terms_background-1920x2069.png","yGTwsmVrXtkQfPoch+Y34g==":"terms_background-1920x2069.jpg","gq0ixkNolkMVhBQEDNlssw==":"terms_background-1-1920x2069.png","u6iBs0SxeBEr1Wy7ZMgfTA==":"faq_background-1920x985.png","vcEkcvILJbzSP9SVPk4bcg==":"faq_background-1-1920x985.png","UDhejKWTrB9XVUdnuGTadg==":"skyline-1920x641.png","R/PNgjiKMXt8pyKHKfTh4A==":"faq_background-2-1920x985.png","5N6el2CWwDstD7DrnXAbhA==":"apply-bg-3-1920x1100.png","/xKfQUCSTCJPPDJG3+vBOw==":"layan-logo-156x166.png","O9P3jih1Pm56LbXcko0Y+Q==":"home-bg-use-png-1920x1006.png","uble2NzGyPUBu8JoqO1zRQ==":"about-bg-use-2000x1164.jpg","rALRmCVIf7v4wRiGz7ElWA==":"apply-rules-use-bg-mq-1923x1100.jpg","CQuzCzB+sqxsT9PXS2RMaw==":"apply-rules-bg-1923x1100.jpg","7q+JuXpmM1sCwT5AMuH5HQ==":"terms-conditions-bg-use-2000x1145.jpg","ie0KyBU0QyciBpwlq0XvZw==":"apply-rules-bg-1-1923x1100.jpg","Fk4o/geeGSlD/+CASJIzuA==":"home-bg-use-png-1-1920x1006.png","LT7eZ5zaI//oV0AkFwPeHQ==":"judge_placeholder-192x191.png","3R1agQhkmySslFlMH5uzTg==":"judge_placeholder2-192x192.png","CBWwHHmftwwhg5eHFBkAaA==":"apply-rules-bg-2-1923x1100.jpg","9IJCe9e8JyibxjIdqjsu6Q==":"apply-rules-bg-3-1923x1100.jpg","OD4cBkQd7jFMYN/cuEVIZg==":"daad_logo_final-1-326x179.png","jQ8Lt9LJ85/+CXMxSXTslA==":"logo-en-greater-than-dhad-312x118.png","Uny8+W1h9ZA444XVTXSdWA==":"home-bg-use-png.png","bDS87UA2CKtuH0LjjiXizQ==":"home-bg-use-png-1.png","WjJSojRxbI2Oz6CimVfPfQ==":"home-bg-use-png-2.png","z4nFtGGraWnwD8RzCx2KQA==":"home-bg-use-png-3.png","Kge+rO+y5w7uF0t7lFCUIw==":"home-bg-use-png-4.png","o5kYlhK8mKXWzZirAyQGqA==":"home-bg-use-png-5.png","uV0UPe+AsLNZs5ypb8OemQ==":"home-bg-use-png-6.png"}